pH,TDS,Temperature,Turbidity,Dissolved Oxygen,Salinity
7.5713854,1038.0955,25.289154,84.44726,4.4768906,1.0115725
7.4503117,990.9155,25.74608,82.61369,4.188139,1.0500784
7.4669495,899.75574,25.022419,83.36023,4.446896,0.9140083
7.7541814,1003.444,25.45046,80.90272,4.581423,0.9800268
7.664773,999.86945,24.957638,82.36441,4.9480767,0.98826104
