pH,TDS,Temperature,Turbidity,Dissolved Oxygen,Salinity
7.665039,1072.7947,26.011267,85.19787,4.2553496,0.9856751
7.412771,1007.1436,24.950087,84.502045,4.2652235,1.04656
7.511651,1029.0536,24.558435,82.088486,4.9346037,1.0500901
7.7809277,886.35516,25.534046,84.43168,4.5005627,0.91417944
7.4603596,1042.6771,25.721516,90.674286,4.669564,1.0392194
