pH,TDS,Temperature,Turbidity,Dissolved Oxygen,Salinity
6.1217237,313.92935,16.490196,36.742893,2.1081991,0.10051259
6.33571,160.73628,19.21754,33.902214,1.0319438,0.5707481
6.205407,372.08038,19.365124,49.95684,0.9048237,0.52535033
7.048996,104.813736,17.357431,32.01015,2.3919404,0.384985
6.27191,387.4944,19.691618,36.07107,2.9863632,0.5097719
