Day-0_pH,Day-0_TDS,Day-0_Temperature,Day-0_Turbidity,Day-0_Dissolved Oxygen,Day-0_Salinity,Day-1_pH,Day-1_TDS,Day-1_Temperature,Day-1_Turbidity,Day-1_Dissolved Oxygen,Day-1_Salinity,Day-2_pH,Day-2_TDS,Day-2_Temperature,Day-2_Turbidity,Day-2_Dissolved Oxygen,Day-2_Salinity,Day-3_pH,Day-3_TDS,Day-3_Temperature,Day-3_Turbidity,Day-3_Dissolved Oxygen,Day-3_Salinity,Day-4_pH,Day-4_TDS,Day-4_Temperature,Day-4_Turbidity,Day-4_Dissolved Oxygen,Day-4_Salinity
9.401641471,928.2472654,33.7843699,90.44095451,1.086252041,0.928247265,7.79425312,684.0092104,26.59966641,116.3052996,3.960133436,0.68400921,6.866564451,968.6651922,19.74937814,22.53219797,6.700248742,0.968665192,8.093858228,1646.539081,22.97257923,78.97299162,5.410968307,1.646539081,5.773762837,292.997705,30.16611427,136.1453897,2.533554292,0.292997705
7.79425312,684.0092104,26.59966641,116.3052996,3.960133436,0.68400921,6.866564451,968.6651922,19.74937814,22.53219797,6.700248742,0.968665192,8.093858228,1646.539081,22.97257923,78.97299162,5.410968307,1.646539081,5.773762837,292.997705,30.16611427,136.1453897,2.533554292,0.292997705,9.089589273,1722.429177,28.0176697,132.7854081,3.392932119,1.722429177
6.866564451,968.6651922,19.74937814,22.53219797,6.700248742,0.968665192,8.093858228,1646.539081,22.97257923,78.97299162,5.410968307,1.646539081,5.773762837,292.997705,30.16611427,136.1453897,2.533554292,0.292997705,9.089589273,1722.429177,28.0176697,132.7854081,3.392932119,1.722429177,5.977524045,1800.142228,18.55596677,16.55395401,7.177613291,1.800142228
8.093858228,1646.539081,22.97257923,78.97299162,5.410968307,1.646539081,5.773762837,292.997705,30.16611427,136.1453897,2.533554292,0.292997705,9.089589273,1722.429177,28.0176697,132.7854081,3.392932119,1.722429177,5.977524045,1800.142228,18.55596677,16.55395401,7.177613291,1.800142228,6.811371352,1896.080434,16.02479082,52.51778568,8.190083671,1.896080434
5.773762837,292.997705,30.16611427,136.1453897,2.533554292,0.292997705,9.089589273,1722.429177,28.0176697,132.7854081,3.392932119,1.722429177,5.977524045,1800.142228,18.55596677,16.55395401,7.177613291,1.800142228,6.811371352,1896.080434,16.02479082,52.51778568,8.190083671,1.896080434,8.762981523,825.1015852,28.65923187,72.06480091,3.136307252,0.825101585
