pH,TDS,Temperature,Turbidity,Dissolved Oxygen,Salinity
9.401641471,928.2472654,33.7843699,90.44095451,1.086252041,0.928247265
