pH,TDS,Temperature,Turbidity,Dissolved Oxygen,Salinity
9.401641471,928.2472654,33.7843699,90.44095451,1.086252041,0.928247265
7.79425312,684.0092104,26.59966641,116.3052996,3.960133436,0.68400921
6.866564451,968.6651922,19.74937814,22.53219797,6.700248742,0.968665192
8.093858228,1646.539081,22.97257923,78.97299162,5.410968307,1.646539081
5.773762837,292.997705,30.16611427,136.1453897,2.533554292,0.292997705
